{"fixed": [[36.83125, 0.3446994104434837, "40"], [76.8375, 0.4859053457110522, "80"], [116.325, 0.5082291866071407, "120"], [176.9625, 0.5779343496177735, "180"], [236.5625, 0.6147421016483516, "240"], [356.3875, 0.6790372134407461, "360"], [1254.78125, 0.7625541225522843, "full"]], "oracle": [[36.83125, 0.3446994104434837], [36.83125, 0.3446994104434837], [36.83125, 0.3446994104434837], [36.83125, 0.3446994104434837], [37.85, 0.3759494104434837], [39.98125, 0.4316785771101504], [42.36875, 0.48631872862530184], [43.6875, 0.5127076175141908], [43.9375, 0.5172268482834216], [44.40625, 0.5239503331319064], [47.36875, 0.5614503331319065], [48.33125, 0.5717387946703679], [51.0125, 0.5972688045910028], [51.71875, 0.6032211855433838], [58.8375, 0.65441166173386], [60.63125, 0.6658699950671932], [62.1125, 0.673459280781479], [64.94375, 0.687209280781479], [65.825, 0.6907807093529076], [68.44375, 0.6998580903052887], [81.79375, 0.7413580903052885], [83.79375, 0.7462192014163996], [85.7875, 0.7503858680830663], [85.7875, 0.7503858680830663], [86.2875, 0.751251252698451], [87.175, 0.7526203003174986], [87.175, 0.7526203003174986], [104.28125, 0.7710456249928234], [111.075, 0.7772956249928233], [130.01875, 0.7933670535642519], [149.40625, 0.8073776263248247], [188.3375, 0.8318968570940551], [209.56875, 0.8435347881285381], [220.25, 0.8485943119380618], [220.25, 0.8485943119380618], [226.3, 0.8506776452713952], [233.35625, 0.8527609786047285], [244.11875, 0.8556776452713952], [244.11875, 0.8556776452713952], [244.11875, 0.8556776452713952], [244.11875, 0.8556776452713952], [244.11875, 0.8556776452713952], [244.11875, 0.8556776452713952], [244.11875, 0.8556776452713952], [244.11875, 0.8556776452713952], [244.11875, 0.8556776452713952], [244.11875, 0.8556776452713952], [244.11875, 0.8556776452713952], [244.11875, 0.8556776452713952], [244.11875, 0.8556776452713952], [244.11875, 0.8556776452713952], [244.11875, 0.8556776452713952], [244.11875, 0.8556776452713952], [244.11875, 0.8556776452713952], [244.11875, 0.8556776452713952], [244.11875, 0.8556776452713952], [244.11875, 0.8556776452713952], [244.11875, 0.8556776452713952], [244.11875, 0.8556776452713952], [244.11875, 0.8556776452713952], [244.11875, 0.8556776452713952]], "max_headroom": 0.273520413971298, "gate_pass": true, "match240_oracle_tokens": 58.8375, "fixed240_tokens": 236.5625, "fixed240_f1": 0.6147421016483516}