{
  "rows": [
    {
      "target": 80,
      "fixed_f1": 0.47013855709507885,
      "fixed_tokens": 76.21428571428571,
      "adaptive_f1": 0.4426385570950789,
      "adaptive_tokens": 79.30357142857143,
      "delta": -0.0275,
      "ci": [
        -0.08977290372670808,
        0.03211801242236022
      ],
      "clears_zero": false
    },
    {
      "target": 120,
      "fixed_f1": 0.4747042295178941,
      "fixed_tokens": 116.10714285714286,
      "adaptive_f1": 0.45525760471412646,
      "adaptive_tokens": 120.69642857142857,
      "delta": -0.019446624803767663,
      "ci": [
        -0.09473446493982207,
        0.04709651360544215
      ],
      "clears_zero": false
    },
    {
      "target": 180,
      "fixed_f1": 0.5674763383614315,
      "fixed_tokens": 176.57142857142858,
      "adaptive_f1": 0.5796598639455782,
      "adaptive_tokens": 180.60714285714286,
      "delta": 0.012183525584146704,
      "ci": [
        -0.07918322981366462,
        0.10101739500147885
      ],
      "clears_zero": false
    }
  ],
  "n_test": 56,
  "top_features": [
    [
      "q_ents",
      0.1580111951134074
    ],
    [
      "redund_max",
      0.09799101682080208
    ],
    [
      "sc_top1",
      0.09711255747616082
    ],
    [
      "n_units",
      0.09365974195699357
    ],
    [
      "raw_tok",
      0.0862260928804581
    ]
  ]
}