{
  "dataset": "2wiki",
  "reader": "claude-haiku-4-5",
  "n": 100,
  "conditions": {
    "full": {
      "avg_tokens": 864.66,
      "em": 0.43,
      "f1": 0.5423153793231194,
      "n": 100
    },
    "suffix@120": {
      "avg_tokens": 116.48,
      "em": 0.26,
      "f1": 0.2894580593444236,
      "n": 100
    },
    "bm25@120": {
      "avg_tokens": 116.37,
      "em": 0.25,
      "f1": 0.3103730284208545,
      "n": 100
    },
    "suffix@240": {
      "avg_tokens": 235.79,
      "em": 0.25,
      "f1": 0.3085810860298274,
      "n": 100
    },
    "bm25@240": {
      "avg_tokens": 235.57,
      "em": 0.28,
      "f1": 0.3490946169687589,
      "n": 100
    },
    "random@120": {
      "avg_tokens": 117.07,
      "em": 0.05,
      "f1": 0.12498929661777795,
      "n": 100
    }
  }
}