{
  "dataset": "coqa",
  "reader": "claude-haiku-4-5",
  "n": 80,
  "conditions": {
    "full": {
      "avg_tokens": 324.9625,
      "em": 0.65,
      "f1": 0.8041563216195569,
      "n": 80
    },
    "suffix@120": {
      "avg_tokens": 116.7125,
      "em": 0.6375,
      "f1": 0.7800988349885409,
      "n": 80
    },
    "bm25@120": {
      "avg_tokens": 116.4375,
      "em": 0.625,
      "f1": 0.7454392135642136,
      "n": 80
    },
    "suffix@240": {
      "avg_tokens": 229.05,
      "em": 0.65,
      "f1": 0.8002292070674425,
      "n": 80
    },
    "bm25@240": {
      "avg_tokens": 228.75,
      "em": 0.65,
      "f1": 0.7567672523554877,
      "n": 80
    },
    "random@120": {
      "avg_tokens": 115.3,
      "em": 0.3625,
      "f1": 0.47613771677799477,
      "n": 80
    }
  }
}