{
  "dataset": "narrativeqa",
  "reader": "claude-haiku-4-5",
  "n": 60,
  "conditions": {
    "full": {
      "avg_tokens": 557.5666666666667,
      "em": 0.43333333333333335,
      "f1": 0.6491823378433286,
      "n": 60
    },
    "suffix@120": {
      "avg_tokens": 116.98333333333333,
      "em": 0.15,
      "f1": 0.26444493664507646,
      "n": 60
    },
    "bm25@120": {
      "avg_tokens": 115.11666666666666,
      "em": 0.4,
      "f1": 0.5594961896341206,
      "n": 60
    },
    "suffix@240": {
      "avg_tokens": 228.9,
      "em": 0.23333333333333334,
      "f1": 0.38559749892508516,
      "n": 60
    },
    "bm25@240": {
      "avg_tokens": 233.13333333333333,
      "em": 0.4,
      "f1": 0.5664778873087697,
      "n": 60
    },
    "random@120": {
      "avg_tokens": 115.68333333333334,
      "em": 0.11666666666666667,
      "f1": 0.1621633080661631,
      "n": 60
    }
  }
}