{
  "dataset": "squad",
  "reader": "claude-haiku-4-5",
  "n": 80,
  "conditions": {
    "full": {
      "avg_tokens": 124.875,
      "em": 0.725,
      "f1": 0.8341071428571428,
      "n": 80
    },
    "suffix@120": {
      "avg_tokens": 91.2125,
      "em": 0.6125,
      "f1": 0.6785714285714286,
      "n": 80
    },
    "bm25@120": {
      "avg_tokens": 91.4625,
      "em": 0.6375,
      "f1": 0.7015631469979297,
      "n": 80
    },
    "suffix@240": {
      "avg_tokens": 124.875,
      "em": 0.725,
      "f1": 0.8535119047619049,
      "n": 80
    },
    "bm25@240": {
      "avg_tokens": 124.875,
      "em": 0.7,
      "f1": 0.8165476190476191,
      "n": 80
    },
    "random@120": {
      "avg_tokens": 90.225,
      "em": 0.5625,
      "f1": 0.6303869047619047,
      "n": 80
    }
  }
}