{
  "reader": "claude-haiku-4-5",
  "n": 150,
  "budgets": [
    120,
    240
  ],
  "conditions": {
    "full": {
      "budget": null,
      "avg_tokens": 1249.7,
      "em": 0.6466666666666666,
      "f1": 0.7897935194148815,
      "n": 150
    },
    "A@120": {
      "budget": 120,
      "avg_tokens": 116.38,
      "em": 0.43333333333333335,
      "f1": 0.5128317484336975,
      "n": 150
    },
    "B@120": {
      "budget": 120,
      "avg_tokens": 116.84,
      "em": 0.18,
      "f1": 0.23404478844037005,
      "n": 150
    },
    "C@120": {
      "budget": 120,
      "avg_tokens": 116.79333333333334,
      "em": 0.36,
      "f1": 0.4608815430409633,
      "n": 150
    },
    "bm25@120": {
      "budget": 120,
      "avg_tokens": 116.89333333333333,
      "em": 0.4066666666666667,
      "f1": 0.5080727517124743,
      "n": 150
    },
    "A@240": {
      "budget": 240,
      "avg_tokens": 237.1,
      "em": 0.4866666666666667,
      "f1": 0.5977191558502863,
      "n": 150
    },
    "B@240": {
      "budget": 240,
      "avg_tokens": 236.50666666666666,
      "em": 0.22,
      "f1": 0.2762479366909528,
      "n": 150
    },
    "C@240": {
      "budget": 240,
      "avg_tokens": 237.11333333333334,
      "em": 0.44666666666666666,
      "f1": 0.5615270671634989,
      "n": 150
    },
    "bm25@240": {
      "budget": 240,
      "avg_tokens": 236.69333333333333,
      "em": 0.49333333333333335,
      "f1": 0.6084148457441364,
      "n": 150
    },
    "random@120": {
      "budget": 120,
      "avg_tokens": 116.88666666666667,
      "em": 0.16666666666666666,
      "f1": 0.20800274678400613,
      "n": 150
    },
    "A_nodedup@240": {
      "budget": 240,
      "avg_tokens": 237.05333333333334,
      "em": 0.4866666666666667,
      "f1": 0.5968676447451383,
      "n": 150
    },
    "C_nodedup@240": {
      "budget": 240,
      "avg_tokens": 237.06,
      "em": 0.4266666666666667,
      "f1": 0.5392597059377111,
      "n": 150
    }
  },
  "cis": {
    "C_minus_A@240": {
      "delta": -0.036192088686787444,
      "ci": [
        -0.08147280383280775,
        0.011532516690499305
      ],
      "clears_zero": false
    },
    "C_minus_B@240": {
      "delta": 0.2852791304725461,
      "ci": [
        0.20158084928832176,
        0.3713742755115817
      ],
      "clears_zero": true
    },
    "C_minus_A@120": {
      "delta": -0.05195020539273413,
      "ci": [
        -0.11691310955328195,
        0.012223485281215132
      ],
      "clears_zero": false
    },
    "bestCA_minus_bm25@240": {
      "delta": -0.010695689893849968,
      "ci": [
        -0.06977664592858632,
        0.04976251823403596
      ],
      "clears_zero": false
    },
    "confounder_C_minus_A_NODEDUP@240": {
      "delta": -0.0576079388074273,
      "ci": [
        -0.11104940550072262,
        -0.004923103080494446
      ],
      "clears_zero": true
    },
    "vs_full_A@240": {
      "delta": -0.19207436356459526,
      "ci": [
        -0.2605151866955727,
        -0.12578621954105396
      ],
      "clears_zero": true
    }
  },
  "scorer_report": {
    "A": {
      "train_keep_rate": 0.060140754958413305,
      "auc_vs_isgold_test": 0.8707826850117824
    },
    "B": {
      "train_keep_rate": 0.3314139475367882,
      "auc_vs_isgold_test": 0.6291495919340461
    },
    "C": {
      "train_keep_rate": 0.030070377479206652,
      "auc_vs_isgold_test": 0.855991993015772
    }
  }
}