{
  "budget": 80,
  "levels": [
    0,
    2,
    4,
    6,
    8,
    12
  ],
  "recall": {
    "suffix": [
      0.495,
      0.47027777777777774,
      0.47361111111111104,
      0.47611111111111104,
      0.4816666666666667,
      0.4825
    ],
    "no_coverage": [
      0.49611111111111106,
      0.3822222222222222,
      0.3600555555555556,
      0.35505555555555557,
      0.3600555555555556,
      0.3650555555555555
    ],
    "bm25_topk": [
      0.47061111111111115,
      0.4539444444444445,
      0.46422222222222215,
      0.47449999999999987,
      0.47172222222222215,
      0.46922222222222215
    ]
  },
  "tokens_on_dups": {
    "suffix": [
      0.0,
      0.1881333630752397,
      0.19012531387323056,
      0.18852237950763795,
      0.18724452957978802,
      0.18568100346900424
    ],
    "no_coverage": [
      0.0,
      0.34071574819048145,
      0.4065289172732825,
      0.4171378817757575,
      0.4142633484103806,
      0.40818044198931913
    ],
    "bm25_topk": [
      0.0,
      0.1263219940215843,
      0.12193301653288993,
      0.0911152162146284,
      0.06970488204753694,
      0.0487011378029033
    ]
  }
}