{
  "learned_auc": 0.8785677265094294,
  "learned_ap": 0.4115715474343663,
  "tfidf_auc": 0.7984984601067445,
  "tfidf_ap": 0.32406898527978784,
  "bm25_auc": 0.820015099476874,
  "bm25_ap": 0.36789605029736194,
  "verdict": "LEARNED SCORER WINS",
  "top_coef": [
    [
      "sent_idx",
      -1.5273712077614927
    ],
    [
      "tfidf_cos_q",
      1.0611924190748405
    ],
    [
      "title_in_q",
      0.7468371818615788
    ],
    [
      "sent_pos",
      0.6327392953308814
    ],
    [
      "is_first_sent",
      0.5524058089681689
    ],
    [
      "cap_overlap",
      -0.4988495726198361
    ],
    [
      "jaccard_q",
      0.43752134608794474
    ],
    [
      "shared_words",
      -0.3818080083210829
    ],
    [
      "n_content",
      0.281517830481305
    ],
    [
      "entity_density",
      0.2501890842404091
    ],
    [
      "num_overlap",
      0.13074653881814247
    ],
    [
      "n_tokens",
      -0.1090780390408999
    ],
    [
      "has_number",
      0.0950469508715064
    ],
    [
      "para_pos",
      0.010048239390125757
    ]
  ]
}